epoch,train loss,train acc,val loss,val acc
0,1.528798222541809,0.24739583333333334,1.17898428440094,0.53125
1,1.4573627909024556,0.2578125,1.43487948179245,0.1875
