epoch,train loss,train acc,val loss,val acc
0,1.5500803192456563,0.2578125,1.9089931845664978,0.15625
1,1.4256732960542042,0.25,1.2861253023147583,0.484375
